{
	"_generated": "Generated by SweetTooth, do not edit",
	"description": "See logs, open Looking Glass, reload GNOME Shell, launch a windowed test session, or access extensions settings from the system menu.",
	"name": "Extension Development Utility",
	"gettext-domain": "extension-development-utility",
	"settings-schema": "org.gnome.shell.extensions.extension-development-utility",
	"shell-version": [
		"40",
		"41",
		"42"
	],
	"url": "https://github.com/maoschanz/gnome-extension-development-utility",
	"uuid": "extension-development-utility@maestroschan.fr",
	"version": 0
}
